"Data Source","Indicadores del desarrollo mundial",

"Last Updated Date","2021-07-21",

"Country Name","Country Code","Indicator Name","Indicator Code","1960","1961","1962","1963","1964","1965","1966","1967","1968","1969","1970","1971","1972","1973","1974","1975","1976","1977","1978","1979","1980","1981","1982","1983","1984","1985","1986","1987","1988","1989","1990","1991","1992","1993","1994","1995","1996","1997","1998","1999","2000","2001","2002","2003","2004","2005","2006","2007","2008","2009","2010","2011","2012","2013","2014","2015","2016","2017","2018","2019","2020",
"Aruba","ABW","Internally displaced persons, total displaced by conflict and violence (number of people)","VC.IDP.TOCV","","","","","","","","","","","","","","","","","","","","","","","","","","","","","","","","","","","","","","","","","","","","","","","","","","","","","","","","","","","","","",
"","AFE","Internally displaced persons, total displaced by conflict and violence (number of people)","VC.IDP.TOCV","","","","","","","","","","","","","","","","","","","","","","","","","","","","","","","","","","","","","","","","","","","","","","","","","","","","","","","","","","","","13390400","14903500",
"Afganistán","AFG","Internally displaced persons, total displaced by conflict and violence (number of people)","VC.IDP.TOCV","","","","","","","","","","","","","","","","","","","","","","","","","","","","","","","","","","","","","","","","","","","","","","","","","","297000","352000","450000","492000","631000","805000","1174000","1553000","1286000","2598000","2993000","3547000",
"","AFW","Internally displaced persons, total displaced by conflict and violence (number of people)","VC.IDP.TOCV","","","","","","","","","","","","","","","","","","","","","","","","","","","","","","","","","","","","","","","","","","","","","","","","","","","","","","4698800","2063800","3319800","3185200","3125900","4376500","5739830","6874400",
"Angola","AGO","Internally displaced persons, total displaced by conflict and violence (number of people)","VC.IDP.TOCV","","","","","","","","","","","","","","","","","","","","","","","","","","","","","","","","","","","","","","","","","","","","","","","","","","","","","","","","","","","","","",
"Albania","ALB","Internally displaced persons, total displaced by conflict and violence (number of people)","VC.IDP.TOCV","","","","","","","","","","","","","","","","","","","","","","","","","","","","","","","","","","","","","","","","","","","","","","","","","","","","","","","","","","","","","",
"Andorra","AND","Internally displaced persons, total displaced by conflict and violence (number of people)","VC.IDP.TOCV","","","","","","","","","","","","","","","","","","","","","","","","","","","","","","","","","","","","","","","","","","","","","","","","","","","","","","","","","","","","","",
"El mundo árabe","ARB","Internally displaced persons, total displaced by conflict and violence (number of people)","VC.IDP.TOCV","","","","","","","","","","","","","","","","","","","","","","","","","","","","","","","","","","","","","","","","","","","","","","","","","","","","","","","","","16262600","","","","",
"Emiratos Árabes Unidos","ARE","Internally displaced persons, total displaced by conflict and violence (number of people)","VC.IDP.TOCV","","","","","","","","","","","","","","","","","","","","","","","","","","","","","","","","","","","","","","","","","","","","","","","","","","","","","","","","","","","","","",
"Argentina","ARG","Internally displaced persons, total displaced by conflict and violence (number of people)","VC.IDP.TOCV","","","","","","","","","","","","","","","","","","","","","","","","","","","","","","","","","","","","","","","","","","","","","","","","","","","","","","","","","","","","","",
"Armenia","ARM","Internally displaced persons, total displaced by conflict and violence (number of people)","VC.IDP.TOCV","","","","","","","","","","","","","","","","","","","","","","","","","","","","","","","","","","","","","","","","","","","","","","","","","","8400","8400","8400","8400","8400","8400","8400","8400","","","","800",
"Samoa Americana","ASM","Internally displaced persons, total displaced by conflict and violence (number of people)","VC.IDP.TOCV","","","","","","","","","","","","","","","","","","","","","","","","","","","","","","","","","","","","","","","","","","","","","","","","","","","","","","","","","","","","","",
"Antigua y Barbuda","ATG","Internally displaced persons, total displaced by conflict and violence (number of people)","VC.IDP.TOCV","","","","","","","","","","","","","","","","","","","","","","","","","","","","","","","","","","","","","","","","","","","","","","","","","","","","","","","","","","","","","",
"Australia","AUS","Internally displaced persons, total displaced by conflict and violence (number of people)","VC.IDP.TOCV","","","","","","","","","","","","","","","","","","","","","","","","","","","","","","","","","","","","","","","","","","","","","","","","","","","","","","","","","","","","","",
"Austria","AUT","Internally displaced persons, total displaced by conflict and violence (number of people)","VC.IDP.TOCV","","","","","","","","","","","","","","","","","","","","","","","","","","","","","","","","","","","","","","","","","","","","","","","","","","","","","","","","","","","","","",
"Azerbaiyán","AZE","Internally displaced persons, total displaced by conflict and violence (number of people)","VC.IDP.TOCV","","","","","","","","","","","","","","","","","","","","","","","","","","","","","","","","","","","","","","","","","","","","","","","","","","586000","593000","599000","600000","543000","569000","564000","582000","643000","644000","651000","735000",
"Burundi","BDI","Internally displaced persons, total displaced by conflict and violence (number of people)","VC.IDP.TOCV","","","","","","","","","","","","","","","","","","","","","","","","","","","","","","","","","","","","","","","","","","","","","","","","","","100000","100000","79000","79000","79000","78000","99000","59000","57000","49000","23000","22000",
"Bélgica","BEL","Internally displaced persons, total displaced by conflict and violence (number of people)","VC.IDP.TOCV","","","","","","","","","","","","","","","","","","","","","","","","","","","","","","","","","","","","","","","","","","","","","","","","","","","","","","","","","","","","","",
"Benin","BEN","Internally displaced persons, total displaced by conflict and violence (number of people)","VC.IDP.TOCV","","","","","","","","","","","","","","","","","","","","","","","","","","","","","","","","","","","","","","","","","","","","","","","","","","","","","","","","","","","3500","3700","3500",
"Burkina Faso","BFA","Internally displaced persons, total displaced by conflict and violence (number of people)","VC.IDP.TOCV","","","","","","","","","","","","","","","","","","","","","","","","","","","","","","","","","","","","","","","","","","","","","","","","","","","","","","","","","700","4900","47000","560000","1075000",
"Bangladesh","BGD","Internally displaced persons, total displaced by conflict and violence (number of people)","VC.IDP.TOCV","","","","","","","","","","","","","","","","","","","","","","","","","","","","","","","","","","","","","","","","","","","","","","","","","","426000","426000","426000","426000","426000","426000","426000","426000","432000","426000","427000","427000",
"Bulgaria","BGR","Internally displaced persons, total displaced by conflict and violence (number of people)","VC.IDP.TOCV","","","","","","","","","","","","","","","","","","","","","","","","","","","","","","","","","","","","","","","","","","","","","","","","","","","","","","","","","","","","","",
"Bahrein","BHR","Internally displaced persons, total displaced by conflict and violence (number of people)","VC.IDP.TOCV","","","","","","","","","","","","","","","","","","","","","","","","","","","","","","","","","","","","","","","","","","","","","","","","","","","","","","","","","","","","","",
"Bahamas","BHS","Internally displaced persons, total displaced by conflict and violence (number of people)","VC.IDP.TOCV","","","","","","","","","","","","","","","","","","","","","","","","","","","","","","","","","","","","","","","","","","","","","","","","","","","","","","","","","","","","","",
"Bosnia y Herzegovina","BIH","Internally displaced persons, total displaced by conflict and violence (number of people)","VC.IDP.TOCV","","","","","","","","","","","","","","","","","","","","","","","","","","","","","","","","","","","","","","","","","","","","","","","","","","114000","113000","113000","103000","103000","100000","98000","98000","99000","99000","99000","99000",
"Belarús","BLR","Internally displaced persons, total displaced by conflict and violence (number of people)","VC.IDP.TOCV","","","","","","","","","","","","","","","","","","","","","","","","","","","","","","","","","","","","","","","","","","","","","","","","","","","","","","","","","","","","","",
"Belice","BLZ","Internally displaced persons, total displaced by conflict and violence (number of people)","VC.IDP.TOCV","","","","","","","","","","","","","","","","","","","","","","","","","","","","","","","","","","","","","","","","","","","","","","","","","","","","","","","","","","","","","",
"Bermudas","BMU","Internally displaced persons, total displaced by conflict and violence (number of people)","VC.IDP.TOCV","","","","","","","","","","","","","","","","","","","","","","","","","","","","","","","","","","","","","","","","","","","","","","","","","","","","","","","","","","","","","",
"Bolivia","BOL","Internally displaced persons, total displaced by conflict and violence (number of people)","VC.IDP.TOCV","","","","","","","","","","","","","","","","","","","","","","","","","","","","","","","","","","","","","","","","","","","","","","","","","","","","","","","","","","","","31","",
"Brasil","BRA","Internally displaced persons, total displaced by conflict and violence (number of people)","VC.IDP.TOCV","","","","","","","","","","","","","","","","","","","","","","","","","","","","","","","","","","","","","","","","","","","","","","","","","","","","","","","","","","","","","",
"Barbados","BRB","Internally displaced persons, total displaced by conflict and violence (number of people)","VC.IDP.TOCV","","","","","","","","","","","","","","","","","","","","","","","","","","","","","","","","","","","","","","","","","","","","","","","","","","","","","","","","","","","","","",
"Brunei Darussalam","BRN","Internally displaced persons, total displaced by conflict and violence (number of people)","VC.IDP.TOCV","","","","","","","","","","","","","","","","","","","","","","","","","","","","","","","","","","","","","","","","","","","","","","","","","","","","","","","","","","","","","",
"Bhután","BTN","Internally displaced persons, total displaced by conflict and violence (number of people)","VC.IDP.TOCV","","","","","","","","","","","","","","","","","","","","","","","","","","","","","","","","","","","","","","","","","","","","","","","","","","","","","","","","","","","","","",
"Botswana","BWA","Internally displaced persons, total displaced by conflict and violence (number of people)","VC.IDP.TOCV","","","","","","","","","","","","","","","","","","","","","","","","","","","","","","","","","","","","","","","","","","","","","","","","","","","","","","","","","","","","","",
"República Centroafricana","CAF","Internally displaced persons, total displaced by conflict and violence (number of people)","VC.IDP.TOCV","","","","","","","","","","","","","","","","","","","","","","","","","","","","","","","","","","","","","","","","","","","","","","","","","","162000","192000","105000","132000","935000","439000","452000","412000","689000","641000","592000","682000",
"Canadá","CAN","Internally displaced persons, total displaced by conflict and violence (number of people)","VC.IDP.TOCV","","","","","","","","","","","","","","","","","","","","","","","","","","","","","","","","","","","","","","","","","","","","","","","","","","","","","","","","","","","","","",
"Europa Central y del Báltico","CEB","Internally displaced persons, total displaced by conflict and violence (number of people)","VC.IDP.TOCV","","","","","","","","","","","","","","","","","","","","","","","","","","","","","","","","","","","","","","","","","","","","","","","","","","","","","","","","","","","","","",
"Suiza","CHE","Internally displaced persons, total displaced by conflict and violence (number of people)","VC.IDP.TOCV","","","","","","","","","","","","","","","","","","","","","","","","","","","","","","","","","","","","","","","","","","","","","","","","","","","","","","","","","","","","","",
"Islas del Canal","CHI","Internally displaced persons, total displaced by conflict and violence (number of people)","VC.IDP.TOCV","","","","","","","","","","","","","","","","","","","","","","","","","","","","","","","","","","","","","","","","","","","","","","","","","","","","","","","","","","","","","",
"Chile","CHL","Internally displaced persons, total displaced by conflict and violence (number of people)","VC.IDP.TOCV","","","","","","","","","","","","","","","","","","","","","","","","","","","","","","","","","","","","","","","","","","","","","","","","","","","","","","","","","","","","","",
"China","CHN","Internally displaced persons, total displaced by conflict and violence (number of people)","VC.IDP.TOCV","","","","","","","","","","","","","","","","","","","","","","","","","","","","","","","","","","","","","","","","","","","","","","","","","","","","","","","","","","","","","",
"Côte d'Ivoire","CIV","Internally displaced persons, total displaced by conflict and violence (number of people)","VC.IDP.TOCV","","","","","","","","","","","","","","","","","","","","","","","","","","","","","","","","","","","","","","","","","","","","","","","","","","342000","522000","247000","80000","80000","301000","303000","301000","16000","302000","303000","308000",
"Camerún","CMR","Internally displaced persons, total displaced by conflict and violence (number of people)","VC.IDP.TOCV","","","","","","","","","","","","","","","","","","","","","","","","","","","","","","","","","","","","","","","","","","","","","","","","","","","","","","","40000","124000","177000","239000","668000","969000","1003000",
"Congo, República Democrática del","COD","Internally displaced persons, total displaced by conflict and violence (number of people)","VC.IDP.TOCV","","","","","","","","","","","","","","","","","","","","","","","","","","","","","","","","","","","","","","","","","","","","","","","","","","1900000","1700000","1710000","2700000","2964000","2757000","1500000","2230000","4480000","3081000","5512000","5268000",
"Congo, República del","COG","Internally displaced persons, total displaced by conflict and violence (number of people)","VC.IDP.TOCV","","","","","","","","","","","","","","","","","","","","","","","","","","","","","","","","","","","","","","","","","","","","","","","","","","7800","7800","7800","7800","7800","7800","7800","33000","108000","107000","134000","134000",
"Colombia","COL","Internally displaced persons, total displaced by conflict and violence (number of people)","VC.IDP.TOCV","","","","","","","","","","","","","","","","","","","","","","","","","","","","","","","","","","","","","","","","","","","","","","","","","","4916000","5196000","5281000","5455000","5700000","6044000","6270000","7246000","6509000","5761000","5576000","4922000",
"Comoras","COM","Internally displaced persons, total displaced by conflict and violence (number of people)","VC.IDP.TOCV","","","","","","","","","","","","","","","","","","","","","","","","","","","","","","","","","","","","","","","","","","","","","","","","","","","","","","","","","","","","","",
"Cabo Verde","CPV","Internally displaced persons, total displaced by conflict and violence (number of people)","VC.IDP.TOCV","","","","","","","","","","","","","","","","","","","","","","","","","","","","","","","","","","","","","","","","","","","","","","","","","","","","","","","","","","","","","",
"Costa Rica","CRI","Internally displaced persons, total displaced by conflict and violence (number of people)","VC.IDP.TOCV","","","","","","","","","","","","","","","","","","","","","","","","","","","","","","","","","","","","","","","","","","","","","","","","","","","","","","","","","","","","","",
"Estados pequeos del Caribe","CSS","Internally displaced persons, total displaced by conflict and violence (number of people)","VC.IDP.TOCV","","","","","","","","","","","","","","","","","","","","","","","","","","","","","","","","","","","","","","","","","","","","","","","","","","","","","","","","","","","","","",
"Cuba","CUB","Internally displaced persons, total displaced by conflict and violence (number of people)","VC.IDP.TOCV","","","","","","","","","","","","","","","","","","","","","","","","","","","","","","","","","","","","","","","","","","","","","","","","","","","","","","","","","","","","","",
"Curacao","CUW","Internally displaced persons, total displaced by conflict and violence (number of people)","VC.IDP.TOCV","","","","","","","","","","","","","","","","","","","","","","","","","","","","","","","","","","","","","","","","","","","","","","","","","","","","","","","","","","","","","",
"Islas Caimán","CYM","Internally displaced persons, total displaced by conflict and violence (number of people)","VC.IDP.TOCV","","","","","","","","","","","","","","","","","","","","","","","","","","","","","","","","","","","","","","","","","","","","","","","","","","","","","","","","","","","","","",
"Chipre","CYP","Internally displaced persons, total displaced by conflict and violence (number of people)","VC.IDP.TOCV","","","","","","","","","","","","","","","","","","","","","","","","","","","","","","","","","","","","","","","","","","","","","","","","","","201000","208000","208000","210000","212000","212000","272000","272000","217000","228000","228000","228000",
"República Checa","CZE","Internally displaced persons, total displaced by conflict and violence (number of people)","VC.IDP.TOCV","","","","","","","","","","","","","","","","","","","","","","","","","","","","","","","","","","","","","","","","","","","","","","","","","","","","","","","","","","","","","",
"Alemania","DEU","Internally displaced persons, total displaced by conflict and violence (number of people)","VC.IDP.TOCV","","","","","","","","","","","","","","","","","","","","","","","","","","","","","","","","","","","","","","","","","","","","","","","","","","","","","","","","","","","","","",
"Djibouti","DJI","Internally displaced persons, total displaced by conflict and violence (number of people)","VC.IDP.TOCV","","","","","","","","","","","","","","","","","","","","","","","","","","","","","","","","","","","","","","","","","","","","","","","","","","","","","","","","","","","","","",
"Dominica","DMA","Internally displaced persons, total displaced by conflict and violence (number of people)","VC.IDP.TOCV","","","","","","","","","","","","","","","","","","","","","","","","","","","","","","","","","","","","","","","","","","","","","","","","","","","","","","","","","","","","","",
"Dinamarca","DNK","Internally displaced persons, total displaced by conflict and violence (number of people)","VC.IDP.TOCV","","","","","","","","","","","","","","","","","","","","","","","","","","","","","","","","","","","","","","","","","","","","","","","","","","","","","","","","","","","","","",
"República Dominicana","DOM","Internally displaced persons, total displaced by conflict and violence (number of people)","VC.IDP.TOCV","","","","","","","","","","","","","","","","","","","","","","","","","","","","","","","","","","","","","","","","","","","","","","","","","","","","","","","","","","","","","",
"Argelia","DZA","Internally displaced persons, total displaced by conflict and violence (number of people)","VC.IDP.TOCV","","","","","","","","","","","","","","","","","","","","","","","","","","","","","","","","","","","","","","","","","","","","","","","","","","","","","","","","","2500","","","","",
"Asia oriental y el Pacífico (excluido altos ingresos)","EAP","Internally displaced persons, total displaced by conflict and violence (number of people)","VC.IDP.TOCV","","","","","","","","","","","","","","","","","","","","","","","","","","","","","","","","","","","","","","","","","","","","","","","","","","","","","","","","","","","","","",
"inicial del dividendo demográfico","EAR","Internally displaced persons, total displaced by conflict and violence (number of people)","VC.IDP.TOCV","","","","","","","","","","","","","","","","","","","","","","","","","","","","","","","","","","","","","","","","","","","","","","","","","","5164400","5166400","5749400","8103400","11437400","14725000","15280500","13477100","14881002","14727200","15932811","16409100",
"Asia oriental y el Pacífico","EAS","Internally displaced persons, total displaced by conflict and violence (number of people)","VC.IDP.TOCV","","","","","","","","","","","","","","","","","","","","","","","","","","","","","","","","","","","","","","","","","","","","","","","","","","","","","","","","","","","","","",
"Europa y Asia central (excluido altos ingresos)","ECA","Internally displaced persons, total displaced by conflict and violence (number of people)","VC.IDP.TOCV","","","","","","","","","","","","","","","","","","","","","","","","","","","","","","","","","","","","","","","","","","","","","","","","","","2281440","2375440","","2435420","1972130","2658020","3586600","3693550","2979140","2951440","2897940","2989810",
"Europa y Asia central","ECS","Internally displaced persons, total displaced by conflict and violence (number of people)","VC.IDP.TOCV","","","","","","","","","","","","","","","","","","","","","","","","","","","","","","","","","","","","","","","","","","","","","","","","","","","","","","","","","","","","","",
"Ecuador","ECU","Internally displaced persons, total displaced by conflict and violence (number of people)","VC.IDP.TOCV","","","","","","","","","","","","","","","","","","","","","","","","","","","","","","","","","","","","","","","","","","","","","","","","","","","","","","","","","","","","","",
"Egipto, República Árabe de","EGY","Internally displaced persons, total displaced by conflict and violence (number of people)","VC.IDP.TOCV","","","","","","","","","","","","","","","","","","","","","","","","","","","","","","","","","","","","","","","","","","","","","","","","","","","","","","","4100","9100","9100","36000","3200","3200","3200",
"Zona del Euro","EMU","Internally displaced persons, total displaced by conflict and violence (number of people)","VC.IDP.TOCV","","","","","","","","","","","","","","","","","","","","","","","","","","","","","","","","","","","","","","","","","","","","","","","","","","","","","","","","","","","","","",
"Eritrea","ERI","Internally displaced persons, total displaced by conflict and violence (number of people)","VC.IDP.TOCV","","","","","","","","","","","","","","","","","","","","","","","","","","","","","","","","","","","","","","","","","","","","","","","","","","10000","10000","10000","10000","10000","10000","","","","","","",
"España","ESP","Internally displaced persons, total displaced by conflict and violence (number of people)","VC.IDP.TOCV","","","","","","","","","","","","","","","","","","","","","","","","","","","","","","","","","","","","","","","","","","","","","","","","","","","","","","","","","","","","","",
"Estonia","EST","Internally displaced persons, total displaced by conflict and violence (number of people)","VC.IDP.TOCV","","","","","","","","","","","","","","","","","","","","","","","","","","","","","","","","","","","","","","","","","","","","","","","","","","","","","","","","","","","","","",
"Etiopía","ETH","Internally displaced persons, total displaced by conflict and violence (number of people)","VC.IDP.TOCV","","","","","","","","","","","","","","","","","","","","","","","","","","","","","","","","","","","","","","","","","","","","","","","","","","350000","300000","350000","350000","316000","397000","450000","258000","1078000","2137000","1414000","2060000",
"Unión Europea","EUU","Internally displaced persons, total displaced by conflict and violence (number of people)","VC.IDP.TOCV","","","","","","","","","","","","","","","","","","","","","","","","","","","","","","","","","","","","","","","","","","","","","","","","","","","","","","","","","","","","","",
"Frágiles y situaciones de conflicto afectados","FCS","Internally displaced persons, total displaced by conflict and violence (number of people)","VC.IDP.TOCV","","","","","","","","","","","","","","","","","","","","","","","","","","","","","","","","","","","","","","","","","","","","","","","","","","","","","","22814100","24610600","26686500","26338500","27985900","30461000","35129100","37923700",
"Finlandia","FIN","Internally displaced persons, total displaced by conflict and violence (number of people)","VC.IDP.TOCV","","","","","","","","","","","","","","","","","","","","","","","","","","","","","","","","","","","","","","","","","","","","","","","","","","","","","","","","","","","","","",
"Fiji","FJI","Internally displaced persons, total displaced by conflict and violence (number of people)","VC.IDP.TOCV","","","","","","","","","","","","","","","","","","","","","","","","","","","","","","","","","","","","","","","","","","","","","","","","","","","","","","","","","","","","","",
"Francia","FRA","Internally displaced persons, total displaced by conflict and violence (number of people)","VC.IDP.TOCV","","","","","","","","","","","","","","","","","","","","","","","","","","","","","","","","","","","","","","","","","","","","","","","","","","","","","","","","","","","","","",
"Islas Feroe","FRO","Internally displaced persons, total displaced by conflict and violence (number of people)","VC.IDP.TOCV","","","","","","","","","","","","","","","","","","","","","","","","","","","","","","","","","","","","","","","","","","","","","","","","","","","","","","","","","","","","","",
"Micronesia (Estados Federados de)","FSM","Internally displaced persons, total displaced by conflict and violence (number of people)","VC.IDP.TOCV","","","","","","","","","","","","","","","","","","","","","","","","","","","","","","","","","","","","","","","","","","","","","","","","","","","","","","","","","","","","","",
"Gabón","GAB","Internally displaced persons, total displaced by conflict and violence (number of people)","VC.IDP.TOCV","","","","","","","","","","","","","","","","","","","","","","","","","","","","","","","","","","","","","","","","","","","","","","","","","","","","","","","","","","","","","",
"Reino Unido","GBR","Internally displaced persons, total displaced by conflict and violence (number of people)","VC.IDP.TOCV","","","","","","","","","","","","","","","","","","","","","","","","","","","","","","","","","","","","","","","","","","","","","","","","","","","","","","","","","","","","","",
"Georgia","GEO","Internally displaced persons, total displaced by conflict and violence (number of people)","VC.IDP.TOCV","","","","","","","","","","","","","","","","","","","","","","","","","","","","","","","","","","","","","","","","","","","","","","","","","","240000","257000","270000","280000","207000","233000","239000","208000","289000","293000","301000","304000",
"Ghana","GHA","Internally displaced persons, total displaced by conflict and violence (number of people)","VC.IDP.TOCV","","","","","","","","","","","","","","","","","","","","","","","","","","","","","","","","","","","","","","","","","","","","","","","","","","","","","","","","","","","5000","230","",
"Gibraltar","GIB","Internally displaced persons, total displaced by conflict and violence (number of people)","VC.IDP.TOCV","","","","","","","","","","","","","","","","","","","","","","","","","","","","","","","","","","","","","","","","","","","","","","","","","","","","","","","","","","","","","",
"Guinea","GIN","Internally displaced persons, total displaced by conflict and violence (number of people)","VC.IDP.TOCV","","","","","","","","","","","","","","","","","","","","","","","","","","","","","","","","","","","","","","","","","","","","","","","","","","","","","","","","","","","","","",
"Gambia","GMB","Internally displaced persons, total displaced by conflict and violence (number of people)","VC.IDP.TOCV","","","","","","","","","","","","","","","","","","","","","","","","","","","","","","","","","","","","","","","","","","","","","","","","","","","","","","","","","","","","","",
"Guinea-Bissau","GNB","Internally displaced persons, total displaced by conflict and violence (number of people)","VC.IDP.TOCV","","","","","","","","","","","","","","","","","","","","","","","","","","","","","","","","","","","","","","","","","","","","","","","","","","","","","","","","","","","","","",
"Guinea Ecuatorial","GNQ","Internally displaced persons, total displaced by conflict and violence (number of people)","VC.IDP.TOCV","","","","","","","","","","","","","","","","","","","","","","","","","","","","","","","","","","","","","","","","","","","","","","","","","","","","","","","","","","","","","",
"Grecia","GRC","Internally displaced persons, total displaced by conflict and violence (number of people)","VC.IDP.TOCV","","","","","","","","","","","","","","","","","","","","","","","","","","","","","","","","","","","","","","","","","","","","","","","","","","","","","","","","","","","","","",
"Granada","GRD","Internally displaced persons, total displaced by conflict and violence (number of people)","VC.IDP.TOCV","","","","","","","","","","","","","","","","","","","","","","","","","","","","","","","","","","","","","","","","","","","","","","","","","","","","","","","","","","","","","",
"Groenlandia","GRL","Internally displaced persons, total displaced by conflict and violence (number of people)","VC.IDP.TOCV","","","","","","","","","","","","","","","","","","","","","","","","","","","","","","","","","","","","","","","","","","","","","","","","","","","","","","","","","","","","","",
"Guatemala","GTM","Internally displaced persons, total displaced by conflict and violence (number of people)","VC.IDP.TOCV","","","","","","","","","","","","","","","","","","","","","","","","","","","","","","","","","","","","","","","","","","","","","","","","","","","","","","242000","249000","251000","257000","242000","242000","242000","242000",
"Guam","GUM","Internally displaced persons, total displaced by conflict and violence (number of people)","VC.IDP.TOCV","","","","","","","","","","","","","","","","","","","","","","","","","","","","","","","","","","","","","","","","","","","","","","","","","","","","","","","","","","","","","",
"Guyana","GUY","Internally displaced persons, total displaced by conflict and violence (number of people)","VC.IDP.TOCV","","","","","","","","","","","","","","","","","","","","","","","","","","","","","","","","","","","","","","","","","","","","","","","","","","","","","","","","","","","","","",
"Ingreso alto","HIC","Internally displaced persons, total displaced by conflict and violence (number of people)","VC.IDP.TOCV","","","","","","","","","","","","","","","","","","","","","","","","","","","","","","","","","","","","","","","","","","","","","","","","","","","","","","","","","","","","","",
"Hong Kong, Región Administrativa Especial","HKG","Internally displaced persons, total displaced by conflict and violence (number of people)","VC.IDP.TOCV","","","","","","","","","","","","","","","","","","","","","","","","","","","","","","","","","","","","","","","","","","","","","","","","","","","","","","","","","","","","","",
"Honduras","HND","Internally displaced persons, total displaced by conflict and violence (number of people)","VC.IDP.TOCV","","","","","","","","","","","","","","","","","","","","","","","","","","","","","","","","","","","","","","","","","","","","","","","","","","","","","","","29000","174000","190000","190000","190000","247000","247000",
"Países pobres muy endeudados (PPME)","HPC","Internally displaced persons, total displaced by conflict and violence (number of people)","VC.IDP.TOCV","","","","","","","","","","","","","","","","","","","","","","","","","","","","","","","","","","","","","","","","","","","","","","","","","","","","","","","","","9995200","11440900","14983500","18275111","21218800",
"Croacia","HRV","Internally displaced persons, total displaced by conflict and violence (number of people)","VC.IDP.TOCV","","","","","","","","","","","","","","","","","","","","","","","","","","","","","","","","","","","","","","","","","","","","","","","","","","2400","2300","2100","","","","","","","","","",
"Haití","HTI","Internally displaced persons, total displaced by conflict and violence (number of people)","VC.IDP.TOCV","","","","","","","","","","","","","","","","","","","","","","","","","","","","","","","","","","","","","","","","","","","","","","","","","","","","","","","","","","","","2100","7900",
"Hungría","HUN","Internally displaced persons, total displaced by conflict and violence (number of people)","VC.IDP.TOCV","","","","","","","","","","","","","","","","","","","","","","","","","","","","","","","","","","","","","","","","","","","","","","","","","","","","","","","","","","","","","",
"Sólo BIRF","IBD","Internally displaced persons, total displaced by conflict and violence (number of people)","VC.IDP.TOCV","","","","","","","","","","","","","","","","","","","","","","","","","","","","","","","","","","","","","","","","","","","","","","","","","","","","","","","","","","","","","",
"BIRF y la AIF","IBT","Internally displaced persons, total displaced by conflict and violence (number of people)","VC.IDP.TOCV","","","","","","","","","","","","","","","","","","","","","","","","","","","","","","","","","","","","","","","","","","","","","","","","","","","","","","","","","","","","","",
"total de la AIF","IDA","Internally displaced persons, total displaced by conflict and violence (number of people)","VC.IDP.TOCV","","","","","","","","","","","","","","","","","","","","","","","","","","","","","","","","","","","","","","","","","","","","","","","","","","","","","","21743100","23167600","24869100","23851600","25347902","28647500","33522080","36844570",
"mezcla de la AIF","IDB","Internally displaced persons, total displaced by conflict and violence (number of people)","VC.IDP.TOCV","","","","","","","","","","","","","","","","","","","","","","","","","","","","","","","","","","","","","","","","","","","","","","","","","","","","","","4471100","3343600","4002100","2775400","2474000","3284000","3968000","4175000",
"Indonesia","IDN","Internally displaced persons, total displaced by conflict and violence (number of people)","VC.IDP.TOCV","","","","","","","","","","","","","","","","","","","","","","","","","","","","","","","","","","","","","","","","","","","","","","","","","","70000","200000","180000","170000","90000","84000","6100","7100","13000","16000","40000","40000",
"Sólo AIF","IDX","Internally displaced persons, total displaced by conflict and violence (number of people)","VC.IDP.TOCV","","","","","","","","","","","","","","","","","","","","","","","","","","","","","","","","","","","","","","","","","","","","","","","","","","11816000","11555000","9259000","13452000","17272000","19824000","20867000","21076200","22873902","25363500","29554080","32669570",
"Isla de Man","IMN","Internally displaced persons, total displaced by conflict and violence (number of people)","VC.IDP.TOCV","","","","","","","","","","","","","","","","","","","","","","","","","","","","","","","","","","","","","","","","","","","","","","","","","","","","","","","","","","","","","",
"India","IND","Internally displaced persons, total displaced by conflict and violence (number of people)","VC.IDP.TOCV","","","","","","","","","","","","","","","","","","","","","","","","","","","","","","","","","","","","","","","","","","","","","","","","","","500000","650000","650000","1000000","526000","854000","612000","796000","806000","479000","470000","473000",
"No clasificado","INX","Internally displaced persons, total displaced by conflict and violence (number of people)","VC.IDP.TOCV","","","","","","","","","","","","","","","","","","","","","","","","","","","","","","","","","","","","","","","","","","","","","","","","","","","","","","","","","","","","","",
"Irlanda","IRL","Internally displaced persons, total displaced by conflict and violence (number of people)","VC.IDP.TOCV","","","","","","","","","","","","","","","","","","","","","","","","","","","","","","","","","","","","","","","","","","","","","","","","","","","","","","","","","","","","","",
"Irán, República Islámica del","IRN","Internally displaced persons, total displaced by conflict and violence (number of people)","VC.IDP.TOCV","","","","","","","","","","","","","","","","","","","","","","","","","","","","","","","","","","","","","","","","","","","","","","","","","","","","","","","","","","","","","",
"Iraq","IRQ","Internally displaced persons, total displaced by conflict and violence (number of people)","VC.IDP.TOCV","","","","","","","","","","","","","","","","","","","","","","","","","","","","","","","","","","","","","","","","","","","","","","","","","","2764000","2800000","2600000","2100000","2100000","3276000","3290000","3035000","2648000","1962000","1555000","1224000",
"Islandia","ISL","Internally displaced persons, total displaced by conflict and violence (number of people)","VC.IDP.TOCV","","","","","","","","","","","","","","","","","","","","","","","","","","","","","","","","","","","","","","","","","","","","","","","","","","","","","","","","","","","","","",
"Israel","ISR","Internally displaced persons, total displaced by conflict and violence (number of people)","VC.IDP.TOCV","","","","","","","","","","","","","","","","","","","","","","","","","","","","","","","","","","","","","","","","","","","","","","","","","","","","","","","","","","","","","",
"Italia","ITA","Internally displaced persons, total displaced by conflict and violence (number of people)","VC.IDP.TOCV","","","","","","","","","","","","","","","","","","","","","","","","","","","","","","","","","","","","","","","","","","","","","","","","","","","","","","","","","","","","","",
"Jamaica","JAM","Internally displaced persons, total displaced by conflict and violence (number of people)","VC.IDP.TOCV","","","","","","","","","","","","","","","","","","","","","","","","","","","","","","","","","","","","","","","","","","","","","","","","","","","","","","","","","","","","","",
"Jordania","JOR","Internally displaced persons, total displaced by conflict and violence (number of people)","VC.IDP.TOCV","","","","","","","","","","","","","","","","","","","","","","","","","","","","","","","","","","","","","","","","","","","","","","","","","","","","","","","","","","","","","",
"Japón","JPN","Internally displaced persons, total displaced by conflict and violence (number of people)","VC.IDP.TOCV","","","","","","","","","","","","","","","","","","","","","","","","","","","","","","","","","","","","","","","","","","","","","","","","","","","","","","","","","","","","","",
"Kazajstán","KAZ","Internally displaced persons, total displaced by conflict and violence (number of people)","VC.IDP.TOCV","","","","","","","","","","","","","","","","","","","","","","","","","","","","","","","","","","","","","","","","","","","","","","","","","","","","","","","","","","","","","",
"Kenya","KEN","Internally displaced persons, total displaced by conflict and violence (number of people)","VC.IDP.TOCV","","","","","","","","","","","","","","","","","","","","","","","","","","","","","","","","","","","","","","","","","","","","","","","","","","250000","250000","250000","300000","412000","309000","309000","138000","159000","162000","162000","190000",
"Kirguistán","KGZ","Internally displaced persons, total displaced by conflict and violence (number of people)","VC.IDP.TOCV","","","","","","","","","","","","","","","","","","","","","","","","","","","","","","","","","","","","","","","","","","","","","","","","","","","75000","67000","164000","","","","","","","","770",
"Camboya","KHM","Internally displaced persons, total displaced by conflict and violence (number of people)","VC.IDP.TOCV","","","","","","","","","","","","","","","","","","","","","","","","","","","","","","","","","","","","","","","","","","","","","","","","","","","","","","","","","","","","","",
"Kiribati","KIR","Internally displaced persons, total displaced by conflict and violence (number of people)","VC.IDP.TOCV","","","","","","","","","","","","","","","","","","","","","","","","","","","","","","","","","","","","","","","","","","","","","","","","","","","","","","","","","","","","","",
"Saint Kitts y Nevis","KNA","Internally displaced persons, total displaced by conflict and violence (number of people)","VC.IDP.TOCV","","","","","","","","","","","","","","","","","","","","","","","","","","","","","","","","","","","","","","","","","","","","","","","","","","","","","","","","","","","","","",
"Corea, República de","KOR","Internally displaced persons, total displaced by conflict and violence (number of people)","VC.IDP.TOCV","","","","","","","","","","","","","","","","","","","","","","","","","","","","","","","","","","","","","","","","","","","","","","","","","","","","","","","","","","","","","",
"Kuwait","KWT","Internally displaced persons, total displaced by conflict and violence (number of people)","VC.IDP.TOCV","","","","","","","","","","","","","","","","","","","","","","","","","","","","","","","","","","","","","","","","","","","","","","","","","","","","","","","","","","","","","",
"América Latina y el Caribe (excluido altos ingresos)","LAC","Internally displaced persons, total displaced by conflict and violence (number of people)","VC.IDP.TOCV","","","","","","","","","","","","","","","","","","","","","","","","","","","","","","","","","","","","","","","","","","","","","","","","","","","","","","","","","","","","","",
"República Democrática Popular Lao","LAO","Internally displaced persons, total displaced by conflict and violence (number of people)","VC.IDP.TOCV","","","","","","","","","","","","","","","","","","","","","","","","","","","","","","","","","","","","","","","","","","","","","","","","","","","","","","","","","","","","","",
"Líbano","LBN","Internally displaced persons, total displaced by conflict and violence (number of people)","VC.IDP.TOCV","","","","","","","","","","","","","","","","","","","","","","","","","","","","","","","","","","","","","","","","","","","","","","","","","","90000","75000","47000","45000","20000","20000","12000","12000","11000","11000","7000","7000",
"Liberia","LBR","Internally displaced persons, total displaced by conflict and violence (number of people)","VC.IDP.TOCV","","","","","","","","","","","","","","","","","","","","","","","","","","","","","","","","","","","","","","","","","","","","","","","","","","23000","23000","23000","23000","23000","23000","","","","","","",
"Libia","LBY","Internally displaced persons, total displaced by conflict and violence (number of people)","VC.IDP.TOCV","","","","","","","","","","","","","","","","","","","","","","","","","","","","","","","","","","","","","","","","","","","","","","","","","","","","154000","50000","59000","400000","500000","304000","197000","221000","451000","278000",
"Santa Lucía","LCA","Internally displaced persons, total displaced by conflict and violence (number of people)","VC.IDP.TOCV","","","","","","","","","","","","","","","","","","","","","","","","","","","","","","","","","","","","","","","","","","","","","","","","","","","","","","","","","","","","","",
"América Latina y el Caribe","LCN","Internally displaced persons, total displaced by conflict and violence (number of people)","VC.IDP.TOCV","","","","","","","","","","","","","","","","","","","","","","","","","","","","","","","","","","","","","","","","","","","","","","","","","","","","","","","","","","","","","",
"Países menos desarrollados: clasificación de las Naciones Unidas","LDC","Internally displaced persons, total displaced by conflict and violence (number of people)","VC.IDP.TOCV","","","","","","","","","","","","","","","","","","","","","","","","","","","","","","","","","","","","","","","","","","","","","","","","","","11021400","10507400","8327900","10190900","10675900","11877900","13773000","14242200","15867902","18731500","22492850","25529800",
"Países de ingreso bajo","LIC","Internally displaced persons, total displaced by conflict and violence (number of people)","VC.IDP.TOCV","","","","","","","","","","","","","","","","","","","","","","","","","","","","","","","","","","","","","","","","","","","","","","","","","","10474000","9994000","7977000","12242000","16034000","18332000","19229000","19424200","21562900","24002000","28089650","31146000",
"Liechtenstein","LIE","Internally displaced persons, total displaced by conflict and violence (number of people)","VC.IDP.TOCV","","","","","","","","","","","","","","","","","","","","","","","","","","","","","","","","","","","","","","","","","","","","","","","","","","","","","","","","","","","","","",
"Sri Lanka","LKA","Internally displaced persons, total displaced by conflict and violence (number of people)","VC.IDP.TOCV","","","","","","","","","","","","","","","","","","","","","","","","","","","","","","","","","","","","","","","","","","","","","","","","","","400000","327000","125000","93000","90000","90000","44000","44000","42000","37000","27000","27000",
"Países de ingreso mediano bajo","LMC","Internally displaced persons, total displaced by conflict and violence (number of people)","VC.IDP.TOCV","","","","","","","","","","","","","","","","","","","","","","","","","","","","","","","","","","","","","","","","","","","","","","","","","","4068600","4136600","3587100","3670100","6660100","6850700","8256300","7202100","6142002","6503700","7111665","7243770",
"Ingreso mediano y bajo","LMY","Internally displaced persons, total displaced by conflict and violence (number of people)","VC.IDP.TOCV","","","","","","","","","","","","","","","","","","","","","","","","","","","","","","","","","","","","","","","","","","","","","","","","","","","","","","","","","","","","","",
"Lesotho","LSO","Internally displaced persons, total displaced by conflict and violence (number of people)","VC.IDP.TOCV","","","","","","","","","","","","","","","","","","","","","","","","","","","","","","","","","","","","","","","","","","","","","","","","","","","","","","","","","","","","","",
"avanzada del dividendo demográfico","LTE","Internally displaced persons, total displaced by conflict and violence (number of people)","VC.IDP.TOCV","","","","","","","","","","","","","","","","","","","","","","","","","","","","","","","","","","","","","","","","","","","","","","","","","","","","","","","","","","","","","",
"Lituania","LTU","Internally displaced persons, total displaced by conflict and violence (number of people)","VC.IDP.TOCV","","","","","","","","","","","","","","","","","","","","","","","","","","","","","","","","","","","","","","","","","","","","","","","","","","","","","","","","","","","","","",
"Luxemburgo","LUX","Internally displaced persons, total displaced by conflict and violence (number of people)","VC.IDP.TOCV","","","","","","","","","","","","","","","","","","","","","","","","","","","","","","","","","","","","","","","","","","","","","","","","","","","","","","","","","","","","","",
"Letonia","LVA","Internally displaced persons, total displaced by conflict and violence (number of people)","VC.IDP.TOCV","","","","","","","","","","","","","","","","","","","","","","","","","","","","","","","","","","","","","","","","","","","","","","","","","","","","","","","","","","","","","",
"Región Administrativa Especial de Macao, China","MAC","Internally displaced persons, total displaced by conflict and violence (number of people)","VC.IDP.TOCV","","","","","","","","","","","","","","","","","","","","","","","","","","","","","","","","","","","","","","","","","","","","","","","","","","","","","","","","","","","","","",
"Isla de San Martín (parte francesa)","MAF","Internally displaced persons, total displaced by conflict and violence (number of people)","VC.IDP.TOCV","","","","","","","","","","","","","","","","","","","","","","","","","","","","","","","","","","","","","","","","","","","","","","","","","","","","","","","","","","","","","",
"Marruecos","MAR","Internally displaced persons, total displaced by conflict and violence (number of people)","VC.IDP.TOCV","","","","","","","","","","","","","","","","","","","","","","","","","","","","","","","","","","","","","","","","","","","","","","","","","","","","","","","","","","","","","",
"Mónaco","MCO","Internally displaced persons, total displaced by conflict and violence (number of people)","VC.IDP.TOCV","","","","","","","","","","","","","","","","","","","","","","","","","","","","","","","","","","","","","","","","","","","","","","","","","","","","","","","","","","","","","",
"República de Moldova","MDA","Internally displaced persons, total displaced by conflict and violence (number of people)","VC.IDP.TOCV","","","","","","","","","","","","","","","","","","","","","","","","","","","","","","","","","","","","","","","","","","","","","","","","","","","","","","","","","","","","","",
"Madagascar","MDG","Internally displaced persons, total displaced by conflict and violence (number of people)","VC.IDP.TOCV","","","","","","","","","","","","","","","","","","","","","","","","","","","","","","","","","","","","","","","","","","","","","","","","","","","","","","","","","","","2000","3000","1500",
"Maldivas","MDV","Internally displaced persons, total displaced by conflict and violence (number of people)","VC.IDP.TOCV","","","","","","","","","","","","","","","","","","","","","","","","","","","","","","","","","","","","","","","","","","","","","","","","","","","","","","","","","","","","","",
"Oriente Medio y Norte de África","MEA","Internally displaced persons, total displaced by conflict and violence (number of people)","VC.IDP.TOCV","","","","","","","","","","","","","","","","","","","","","","","","","","","","","","","","","","","","","","","","","","","","","","","","","","","","","","","","","","","","","",
"México","MEX","Internally displaced persons, total displaced by conflict and violence (number of people)","VC.IDP.TOCV","","","","","","","","","","","","","","","","","","","","","","","","","","","","","","","","","","","","","","","","","","","","","","","","","","8000","123000","162000","162000","160000","281000","287000","311000","345000","338000","345000","357000",
"Islas Marshall","MHL","Internally displaced persons, total displaced by conflict and violence (number of people)","VC.IDP.TOCV","","","","","","","","","","","","","","","","","","","","","","","","","","","","","","","","","","","","","","","","","","","","","","","","","","","","","","","","","","","","","",
" Ingreso mediano","MIC","Internally displaced persons, total displaced by conflict and violence (number of people)","VC.IDP.TOCV","","","","","","","","","","","","","","","","","","","","","","","","","","","","","","","","","","","","","","","","","","","","","","","","","","","","","","","","","","","","","",
"Macedonia del Norte","MKD","Internally displaced persons, total displaced by conflict and violence (number of people)","VC.IDP.TOCV","","","","","","","","","","","","","","","","","","","","","","","","","","","","","","","","","","","","","","","","","","","","","","","","","","640","640","640","620","330","220","200","150","140","140","140","140",
"Malí","MLI","Internally displaced persons, total displaced by conflict and violence (number of people)","VC.IDP.TOCV","","","","","","","","","","","","","","","","","","","","","","","","","","","","","","","","","","","","","","","","","","","","","","","","","","","","","230000","218000","62000","50000","37000","38000","120000","208000","326000",
"Malta","MLT","Internally displaced persons, total displaced by conflict and violence (number of people)","VC.IDP.TOCV","","","","","","","","","","","","","","","","","","","","","","","","","","","","","","","","","","","","","","","","","","","","","","","","","","","","","","","","","","","","","",
"Myanmar","MMR","Internally displaced persons, total displaced by conflict and violence (number of people)","VC.IDP.TOCV","","","","","","","","","","","","","","","","","","","","","","","","","","","","","","","","","","","","","","","","","","","","","","","","","","470000","446000","450000","450000","641000","645000","644000","644000","635000","401000","457000","505000",
"Oriente Medio y Norte de África (excluido altos ingresos)","MNA","Internally displaced persons, total displaced by conflict and violence (number of people)","VC.IDP.TOCV","","","","","","","","","","","","","","","","","","","","","","","","","","","","","","","","","","","","","","","","","","","","","","","","","","","","","","","","","","","","","",
"Montenegro","MNE","Internally displaced persons, total displaced by conflict and violence (number of people)","VC.IDP.TOCV","","","","","","","","","","","","","","","","","","","","","","","","","","","","","","","","","","","","","","","","","","","","","","","","","","","","","","","","","","","","","",
"Mongolia","MNG","Internally displaced persons, total displaced by conflict and violence (number of people)","VC.IDP.TOCV","","","","","","","","","","","","","","","","","","","","","","","","","","","","","","","","","","","","","","","","","","","","","","","","","","","","","","","","","","","","","",
"Mariana","MNP","Internally displaced persons, total displaced by conflict and violence (number of people)","VC.IDP.TOCV","","","","","","","","","","","","","","","","","","","","","","","","","","","","","","","","","","","","","","","","","","","","","","","","","","","","","","","","","","","","","",
"Mozambique","MOZ","Internally displaced persons, total displaced by conflict and violence (number of people)","VC.IDP.TOCV","","","","","","","","","","","","","","","","","","","","","","","","","","","","","","","","","","","","","","","","","","","","","","","","","","","","","","","","","15000","10000","14000","110000","676000",
"Mauritania","MRT","Internally displaced persons, total displaced by conflict and violence (number of people)","VC.IDP.TOCV","","","","","","","","","","","","","","","","","","","","","","","","","","","","","","","","","","","","","","","","","","","","","","","","","","","","","","","","","","","","","",
"Mauricio","MUS","Internally displaced persons, total displaced by conflict and violence (number of people)","VC.IDP.TOCV","","","","","","","","","","","","","","","","","","","","","","","","","","","","","","","","","","","","","","","","","","","","","","","","","","","","","","","","","","","","","",
"Malawi","MWI","Internally displaced persons, total displaced by conflict and violence (number of people)","VC.IDP.TOCV","","","","","","","","","","","","","","","","","","","","","","","","","","","","","","","","","","","","","","","","","","","","","","","","","","","","","","","","","","","","150","",
"Malasia","MYS","Internally displaced persons, total displaced by conflict and violence (number of people)","VC.IDP.TOCV","","","","","","","","","","","","","","","","","","","","","","","","","","","","","","","","","","","","","","","","","","","","","","","","","","","","","","","","","","","","","",
"América del Norte","NAC","Internally displaced persons, total displaced by conflict and violence (number of people)","VC.IDP.TOCV","","","","","","","","","","","","","","","","","","","","","","","","","","","","","","","","","","","","","","","","","","","","","","","","","","","","","","","","","","","","","",
"Namibia","NAM","Internally displaced persons, total displaced by conflict and violence (number of people)","VC.IDP.TOCV","","","","","","","","","","","","","","","","","","","","","","","","","","","","","","","","","","","","","","","","","","","","","","","","","","","","","","","","","","","","","",
"Nueva Caledonia","NCL","Internally displaced persons, total displaced by conflict and violence (number of people)","VC.IDP.TOCV","","","","","","","","","","","","","","","","","","","","","","","","","","","","","","","","","","","","","","","","","","","","","","","","","","","","","","","","","","","","","140",
"Níger","NER","Internally displaced persons, total displaced by conflict and violence (number of people)","VC.IDP.TOCV","","","","","","","","","","","","","","","","","","","","","","","","","","","","","","","","","","","","","","","","","","","","","","","","","","11000","11000","11000","11000","11000","11000","153000","136000","144000","156000","195000","257000",
"Nigeria","NGA","Internally displaced persons, total displaced by conflict and violence (number of people)","VC.IDP.TOCV","","","","","","","","","","","","","","","","","","","","","","","","","","","","","","","","","","","","","","","","","","","","","","","","","","","","","","3300000","1075000","2096000","1955000","1707000","2216000","2583000","2730000",
"Nicaragua","NIC","Internally displaced persons, total displaced by conflict and violence (number of people)","VC.IDP.TOCV","","","","","","","","","","","","","","","","","","","","","","","","","","","","","","","","","","","","","","","","","","","","","","","","","","","","","","","","","","","","","",
"Países Bajos","NLD","Internally displaced persons, total displaced by conflict and violence (number of people)","VC.IDP.TOCV","","","","","","","","","","","","","","","","","","","","","","","","","","","","","","","","","","","","","","","","","","","","","","","","","","","","","","","","","","","","","",
"Noruega","NOR","Internally displaced persons, total displaced by conflict and violence (number of people)","VC.IDP.TOCV","","","","","","","","","","","","","","","","","","","","","","","","","","","","","","","","","","","","","","","","","","","","","","","","","","","","","","","","","","","","","",
"Nepal","NPL","Internally displaced persons, total displaced by conflict and violence (number of people)","VC.IDP.TOCV","","","","","","","","","","","","","","","","","","","","","","","","","","","","","","","","","","","","","","","","","","","","","","","","","","60000","50000","50000","50000","50000","50000","50000","50000","2","","","",
"Nauru","NRU","Internally displaced persons, total displaced by conflict and violence (number of people)","VC.IDP.TOCV","","","","","","","","","","","","","","","","","","","","","","","","","","","","","","","","","","","","","","","","","","","","","","","","","","","","","","","","","","","","","",
"Nueva Zelandia","NZL","Internally displaced persons, total displaced by conflict and violence (number of people)","VC.IDP.TOCV","","","","","","","","","","","","","","","","","","","","","","","","","","","","","","","","","","","","","","","","","","","","","","","","","","","","","","","","","","","","","",
"Miembros OCDE","OED","Internally displaced persons, total displaced by conflict and violence (number of people)","VC.IDP.TOCV","","","","","","","","","","","","","","","","","","","","","","","","","","","","","","","","","","","","","","","","","","","","","","","","","","","","","","","","","","","","","",
"Omán","OMN","Internally displaced persons, total displaced by conflict and violence (number of people)","VC.IDP.TOCV","","","","","","","","","","","","","","","","","","","","","","","","","","","","","","","","","","","","","","","","","","","","","","","","","","","","","","","","","","","","","",
"Otros Estados pequeos","OSS","Internally displaced persons, total displaced by conflict and violence (number of people)","VC.IDP.TOCV","","","","","","","","","","","","","","","","","","","","","","","","","","","","","","","","","","","","","","","","","","","","","","","","","","","","","","","","","","","","","",
"Pakistán","PAK","Internally displaced persons, total displaced by conflict and violence (number of people)","VC.IDP.TOCV","","","","","","","","","","","","","","","","","","","","","","","","","","","","","","","","","","","","","","","","","","","","","","","","","","1230000","980000","900000","758000","747000","1900000","1459000","464000","249000","119000","106000","104000",
"Panamá","PAN","Internally displaced persons, total displaced by conflict and violence (number of people)","VC.IDP.TOCV","","","","","","","","","","","","","","","","","","","","","","","","","","","","","","","","","","","","","","","","","","","","","","","","","","","","","","","","","","","","","",
"Perú","PER","Internally displaced persons, total displaced by conflict and violence (number of people)","VC.IDP.TOCV","","","","","","","","","","","","","","","","","","","","","","","","","","","","","","","","","","","","","","","","","","","","","","","","","","150000","150000","150000","150000","150000","150000","60000","62000","59000","59000","60000","60000",
"Filipinas","PHL","Internally displaced persons, total displaced by conflict and violence (number of people)","VC.IDP.TOCV","","","","","","","","","","","","","","","","","","","","","","","","","","","","","","","","","","","","","","","","","","","","","","","","","","125000","15000","46000","","116000","78000","62000","87000","445000","301000","182000","153000",
"Palau","PLW","Internally displaced persons, total displaced by conflict and violence (number of people)","VC.IDP.TOCV","","","","","","","","","","","","","","","","","","","","","","","","","","","","","","","","","","","","","","","","","","","","","","","","","","","","","","","","","","","","","",
"Papua Nueva Guinea","PNG","Internally displaced persons, total displaced by conflict and violence (number of people)","VC.IDP.TOCV","","","","","","","","","","","","","","","","","","","","","","","","","","","","","","","","","","","","","","","","","","","","","","","","","","","","","","","7500","6300","8400","12000","12000","14000","14000",
"Polonia","POL","Internally displaced persons, total displaced by conflict and violence (number of people)","VC.IDP.TOCV","","","","","","","","","","","","","","","","","","","","","","","","","","","","","","","","","","","","","","","","","","","","","","","","","","","","","","","","","","","","","",
"previa al dividendo demográfico","PRE","Internally displaced persons, total displaced by conflict and violence (number of people)","VC.IDP.TOCV","","","","","","","","","","","","","","","","","","","","","","","","","","","","","","","","","","","","","","","","","","","","","","","","","","","","","","14835700","15034700","15823800","16529200","16585900","18860500","22263750","24483900",
"Puerto Rico","PRI","Internally displaced persons, total displaced by conflict and violence (number of people)","VC.IDP.TOCV","","","","","","","","","","","","","","","","","","","","","","","","","","","","","","","","","","","","","","","","","","","","","","","","","","","","","","","","","","","","","",
"Corea, República Popular Democrática de","PRK","Internally displaced persons, total displaced by conflict and violence (number of people)","VC.IDP.TOCV","","","","","","","","","","","","","","","","","","","","","","","","","","","","","","","","","","","","","","","","","","","","","","","","","","","","","","","","","","","","","",
"Portugal","PRT","Internally displaced persons, total displaced by conflict and violence (number of people)","VC.IDP.TOCV","","","","","","","","","","","","","","","","","","","","","","","","","","","","","","","","","","","","","","","","","","","","","","","","","","","","","","","","","","","","","",
"Paraguay","PRY","Internally displaced persons, total displaced by conflict and violence (number of people)","VC.IDP.TOCV","","","","","","","","","","","","","","","","","","","","","","","","","","","","","","","","","","","","","","","","","","","","","","","","","","","","","","","","","","","","","",
"Ribera Occidental y Gaza","PSE","Internally displaced persons, total displaced by conflict and violence (number of people)","VC.IDP.TOCV","","","","","","","","","","","","","","","","","","","","","","","","","","","","","","","","","","","","","","","","","","","","","","","","","","160000","160000","160000","145000","146000","275000","221000","193000","231000","238000","243000","131000",
"Estados pequeos de las Islas del Pacfico","PSS","Internally displaced persons, total displaced by conflict and violence (number of people)","VC.IDP.TOCV","","","","","","","","","","","","","","","","","","","","","","","","","","","","","","","","","","","","","","","","","","","","","","","","","","","","","","","","","","","","","",
"posterior al dividendo demográfico","PST","Internally displaced persons, total displaced by conflict and violence (number of people)","VC.IDP.TOCV","","","","","","","","","","","","","","","","","","","","","","","","","","","","","","","","","","","","","","","","","","","","","","","","","","","","","","","","","","","","","",
"Polinesia Francesa","PYF","Internally displaced persons, total displaced by conflict and violence (number of people)","VC.IDP.TOCV","","","","","","","","","","","","","","","","","","","","","","","","","","","","","","","","","","","","","","","","","","","","","","","","","","","","","","","","","","","","","",
"Qatar","QAT","Internally displaced persons, total displaced by conflict and violence (number of people)","VC.IDP.TOCV","","","","","","","","","","","","","","","","","","","","","","","","","","","","","","","","","","","","","","","","","","","","","","","","","","","","","","","","","","","","","",
"Rumania","ROU","Internally displaced persons, total displaced by conflict and violence (number of people)","VC.IDP.TOCV","","","","","","","","","","","","","","","","","","","","","","","","","","","","","","","","","","","","","","","","","","","","","","","","","","","","","","","","","","","","","",
"Federación de Rusia","RUS","Internally displaced persons, total displaced by conflict and violence (number of people)","VC.IDP.TOCV","","","","","","","","","","","","","","","","","","","","","","","","","","","","","","","","","","","","","","","","","","","","","","","","","","80000","78000","","29000","35000","25000","27000","19000","19000","2300","1800","1100",
"Rwanda","RWA","Internally displaced persons, total displaced by conflict and violence (number of people)","VC.IDP.TOCV","","","","","","","","","","","","","","","","","","","","","","","","","","","","","","","","","","","","","","","","","","","","","","","","","","","","","","","","","","","","","",
"Asia meridional","SAS","Internally displaced persons, total displaced by conflict and violence (number of people)","VC.IDP.TOCV","","","","","","","","","","","","","","","","","","","","","","","","","","","","","","","","","","","","","","","","","","","","","","","","","","2913000","2785000","2601000","2819000","2470000","4125000","3765000","3333000","2815002","3659000","4023000","4578000",
"Arabia Saudita","SAU","Internally displaced persons, total displaced by conflict and violence (number of people)","VC.IDP.TOCV","","","","","","","","","","","","","","","","","","","","","","","","","","","","","","","","","","","","","","","","","","","","","","","","","","","","","","","","","","","","","",
"Sudán","SDN","Internally displaced persons, total displaced by conflict and violence (number of people)","VC.IDP.TOCV","","","","","","","","","","","","","","","","","","","","","","","","","","","","","","","","","","","","","","","","","","","","","","","","","","4900000","4800000","2200000","3000000","2427000","3100000","3182000","3300000","2072000","2072000","2134000","2276000",
"Senegal","SEN","Internally displaced persons, total displaced by conflict and violence (number of people)","VC.IDP.TOCV","","","","","","","","","","","","","","","","","","","","","","","","","","","","","","","","","","","","","","","","","","","","","","","","","","24000","24000","24000","22000","24000","24000","24000","24000","22000","18000","8400","8400",
"Singapur","SGP","Internally displaced persons, total displaced by conflict and violence (number of people)","VC.IDP.TOCV","","","","","","","","","","","","","","","","","","","","","","","","","","","","","","","","","","","","","","","","","","","","","","","","","","","","","","","","","","","","","",
"Islas Salomón","SLB","Internally displaced persons, total displaced by conflict and violence (number of people)","VC.IDP.TOCV","","","","","","","","","","","","","","","","","","","","","","","","","","","","","","","","","","","","","","","","","","","","","","","","","","","","","","","","","","","","","",
"Sierra Leona","SLE","Internally displaced persons, total displaced by conflict and violence (number of people)","VC.IDP.TOCV","","","","","","","","","","","","","","","","","","","","","","","","","","","","","","","","","","","","","","","","","","","","","","","","","","","","","","","","","","","3000","5500","5500",
"El Salvador","SLV","Internally displaced persons, total displaced by conflict and violence (number of people)","VC.IDP.TOCV","","","","","","","","","","","","","","","","","","","","","","","","","","","","","","","","","","","","","","","","","","","","","","","","","","","","","","","","","","","","","",
"San Marino","SMR","Internally displaced persons, total displaced by conflict and violence (number of people)","VC.IDP.TOCV","","","","","","","","","","","","","","","","","","","","","","","","","","","","","","","","","","","","","","","","","","","","","","","","","","","","","","","","","","","","","",
"Somalia","SOM","Internally displaced persons, total displaced by conflict and violence (number of people)","VC.IDP.TOCV","","","","","","","","","","","","","","","","","","","","","","","","","","","","","","","","","","","","","","","","","","","","","","","","","","1500000","1500000","1459000","1350000","1100000","1107000","1223000","1107000","825000","2648000","2648000","2968000",
"Serbia","SRB","Internally displaced persons, total displaced by conflict and violence (number of people)","VC.IDP.TOCV","","","","","","","","","","","","","","","","","","","","","","","","","","","","","","","","","","","","","","","","","","","","","","","","","","225000","225000","225000","225000","97000","97000","","","","","","",
"África al sur del Sahara (excluido altos ingresos)","SSA","Internally displaced persons, total displaced by conflict and violence (number of people)","VC.IDP.TOCV","","","","","","","","","","","","","","","","","","","","","","","","","","","","","","","","","","","","","","","","","","","","","","","","","","","","","","","","","12199200","13729900","16442500","19130230","21777900",
"Sudán del Sur","SSD","Internally displaced persons, total displaced by conflict and violence (number of people)","VC.IDP.TOCV","","","","","","","","","","","","","","","","","","","","","","","","","","","","","","","","","","","","","","","","","","","","","","","","","","","","350000","350000","383000","1498000","1697000","1854000","1899000","1869000","1352000","1436000",
"África al sur del Sahara","SSF","Internally displaced persons, total displaced by conflict and violence (number of people)","VC.IDP.TOCV","","","","","","","","","","","","","","","","","","","","","","","","","","","","","","","","","","","","","","","","","","","","","","","","","","","","","","","","","12199200","13729900","16442500","19130230","21777900",
"Pequeños Estados","SST","Internally displaced persons, total displaced by conflict and violence (number of people)","VC.IDP.TOCV","","","","","","","","","","","","","","","","","","","","","","","","","","","","","","","","","","","","","","","","","","","","","","","","","","","","","","","","","","","","","",
"Santo Tomé y Príncipe","STP","Internally displaced persons, total displaced by conflict and violence (number of people)","VC.IDP.TOCV","","","","","","","","","","","","","","","","","","","","","","","","","","","","","","","","","","","","","","","","","","","","","","","","","","","","","","","","","","","","","",
"Suriname","SUR","Internally displaced persons, total displaced by conflict and violence (number of people)","VC.IDP.TOCV","","","","","","","","","","","","","","","","","","","","","","","","","","","","","","","","","","","","","","","","","","","","","","","","","","","","","","","","","","","","","",
"República Eslovaca","SVK","Internally displaced persons, total displaced by conflict and violence (number of people)","VC.IDP.TOCV","","","","","","","","","","","","","","","","","","","","","","","","","","","","","","","","","","","","","","","","","","","","","","","","","","","","","","","","","","","","","",
"Eslovenia","SVN","Internally displaced persons, total displaced by conflict and violence (number of people)","VC.IDP.TOCV","","","","","","","","","","","","","","","","","","","","","","","","","","","","","","","","","","","","","","","","","","","","","","","","","","","","","","","","","","","","","",
"Suecia","SWE","Internally displaced persons, total displaced by conflict and violence (number of people)","VC.IDP.TOCV","","","","","","","","","","","","","","","","","","","","","","","","","","","","","","","","","","","","","","","","","","","","","","","","","","","","","","","","","","","","","",
"Eswatini","SWZ","Internally displaced persons, total displaced by conflict and violence (number of people)","VC.IDP.TOCV","","","","","","","","","","","","","","","","","","","","","","","","","","","","","","","","","","","","","","","","","","","","","","","","","","","","","","","","","","","","","",
"Sint Maarten (Dutch part)","SXM","Internally displaced persons, total displaced by conflict and violence (number of people)","VC.IDP.TOCV","","","","","","","","","","","","","","","","","","","","","","","","","","","","","","","","","","","","","","","","","","","","","","","","","","","","","","","","","","","","","",
"Seychelles","SYC","Internally displaced persons, total displaced by conflict and violence (number of people)","VC.IDP.TOCV","","","","","","","","","","","","","","","","","","","","","","","","","","","","","","","","","","","","","","","","","","","","","","","","","","","","","","","","","","","","","",
"República Árabe Siria","SYR","Internally displaced persons, total displaced by conflict and violence (number of people)","VC.IDP.TOCV","","","","","","","","","","","","","","","","","","","","","","","","","","","","","","","","","","","","","","","","","","","","","","","","","","433000","433000","600000","3000000","6500000","7600000","6600000","6326000","6784000","6119000","6495000","6568000",
"Islas Turcas y Caicos","TCA","Internally displaced persons, total displaced by conflict and violence (number of people)","VC.IDP.TOCV","","","","","","","","","","","","","","","","","","","","","","","","","","","","","","","","","","","","","","","","","","","","","","","","","","","","","","","","","","","","","",
"Chad","TCD","Internally displaced persons, total displaced by conflict and violence (number of people)","VC.IDP.TOCV","","","","","","","","","","","","","","","","","","","","","","","","","","","","","","","","","","","","","","","","","","","","","","","","","","168000","171000","126000","90000","90000","71000","107000","108000","158000","90000","176000","342000",
"Asia oriental y el Pacífico (BIRF y la AIF)","TEA","Internally displaced persons, total displaced by conflict and violence (number of people)","VC.IDP.TOCV","","","","","","","","","","","","","","","","","","","","","","","","","","","","","","","","","","","","","","","","","","","","","","","","","","","","","","","","","","","","","",
"Europa y Asia central (BIRF y la AIF)","TEC","Internally displaced persons, total displaced by conflict and violence (number of people)","VC.IDP.TOCV","","","","","","","","","","","","","","","","","","","","","","","","","","","","","","","","","","","","","","","","","","","","","","","","","","","","","","","2658020","","","","","","",
"Togo","TGO","Internally displaced persons, total displaced by conflict and violence (number of people)","VC.IDP.TOCV","","","","","","","","","","","","","","","","","","","","","","","","","","","","","","","","","","","","","","","","","","","","","","","","","","10000","10000","10000","10000","10000","10000","3000","1500","","","2000","",
"Tailandia","THA","Internally displaced persons, total displaced by conflict and violence (number of people)","VC.IDP.TOCV","","","","","","","","","","","","","","","","","","","","","","","","","","","","","","","","","","","","","","","","","","","","","","","","","","","","35000","35000","35000","35000","35000","35000","41000","41000","41000","41000",
"Tayikistán","TJK","Internally displaced persons, total displaced by conflict and violence (number of people)","VC.IDP.TOCV","","","","","","","","","","","","","","","","","","","","","","","","","","","","","","","","","","","","","","","","","","","","","","","","","","","","","","","","","","","","","",
"Turkmenistán","TKM","Internally displaced persons, total displaced by conflict and violence (number of people)","VC.IDP.TOCV","","","","","","","","","","","","","","","","","","","","","","","","","","","","","","","","","","","","","","","","","","","","","","","","","","4000","4000","4000","4000","4000","4000","","","","","","",
"América Latina y el Caribe (BIRF y la AIF)","TLA","Internally displaced persons, total displaced by conflict and violence (number of people)","VC.IDP.TOCV","","","","","","","","","","","","","","","","","","","","","","","","","","","","","","","","","","","","","","","","","","","","","","","","","","","","","","","","","","","","","",
"Timor-Leste","TLS","Internally displaced persons, total displaced by conflict and violence (number of people)","VC.IDP.TOCV","","","","","","","","","","","","","","","","","","","","","","","","","","","","","","","","","","","","","","","","","","","","","","","","","","400","400","900","900","900","900","","","","","","",
"Oriente Medio y Norte de África (BIRF y la AIF)","TMN","Internally displaced persons, total displaced by conflict and violence (number of people)","VC.IDP.TOCV","","","","","","","","","","","","","","","","","","","","","","","","","","","","","","","","","","","","","","","","","","","","","","","","","","","","","","","","","","","","","",
"Tonga","TON","Internally displaced persons, total displaced by conflict and violence (number of people)","VC.IDP.TOCV","","","","","","","","","","","","","","","","","","","","","","","","","","","","","","","","","","","","","","","","","","","","","","","","","","","","","","","","","","","","","",
"Asia meridional (BIRF y la AIF)","TSA","Internally displaced persons, total displaced by conflict and violence (number of people)","VC.IDP.TOCV","","","","","","","","","","","","","","","","","","","","","","","","","","","","","","","","","","","","","","","","","","","","","","","","","","2913000","2785000","2601000","2819000","2470000","4125000","3765000","3333000","2815002","3659000","4023000","4578000",
"África al sur del Sahara (BIRF y la AIF)","TSS","Internally displaced persons, total displaced by conflict and violence (number of people)","VC.IDP.TOCV","","","","","","","","","","","","","","","","","","","","","","","","","","","","","","","","","","","","","","","","","","","","","","","","","","","","","","","","","12199200","13729900","16442500","19130230","21777900",
"Trinidad y Tobago","TTO","Internally displaced persons, total displaced by conflict and violence (number of people)","VC.IDP.TOCV","","","","","","","","","","","","","","","","","","","","","","","","","","","","","","","","","","","","","","","","","","","","","","","","","","","","","","","","","","","","","",
"Túnez","TUN","Internally displaced persons, total displaced by conflict and violence (number of people)","VC.IDP.TOCV","","","","","","","","","","","","","","","","","","","","","","","","","","","","","","","","","","","","","","","","","","","","","","","","","","","","","","","","","","","","4","",
"Turquía","TUR","Internally displaced persons, total displaced by conflict and violence (number of people)","VC.IDP.TOCV","","","","","","","","","","","","","","","","","","","","","","","","","","","","","","","","","","","","","","","","","","","","","","","","","","1000000","1000000","1000000","1000000","954000","954000","954000","1108000","1113000","1097000","1099000","1099000",
"Tuvalu","TUV","Internally displaced persons, total displaced by conflict and violence (number of people)","VC.IDP.TOCV","","","","","","","","","","","","","","","","","","","","","","","","","","","","","","","","","","","","","","","","","","","","","","","","","","","","","","","","","","","","","",
"Tanzanía","TZA","Internally displaced persons, total displaced by conflict and violence (number of people)","VC.IDP.TOCV","","","","","","","","","","","","","","","","","","","","","","","","","","","","","","","","","","","","","","","","","","","","","","","","","","","","","","","","","","","","","",
"Uganda","UGA","Internally displaced persons, total displaced by conflict and violence (number of people)","VC.IDP.TOCV","","","","","","","","","","","","","","","","","","","","","","","","","","","","","","","","","","","","","","","","","","","","","","","","","","435000","166000","30000","30000","30000","30000","30000","53000","24000","32000","32000","1000",
"Ucrania","UKR","Internally displaced persons, total displaced by conflict and violence (number of people)","VC.IDP.TOCV","","","","","","","","","","","","","","","","","","","","","","","","","","","","","","","","","","","","","","","","","","","","","","","","","","","","","","","647000","1679000","1653000","800000","800000","730000","734000",
"Ingreso mediano alto","UMC","Internally displaced persons, total displaced by conflict and violence (number of people)","VC.IDP.TOCV","","","","","","","","","","","","","","","","","","","","","","","","","","","","","","","","","","","","","","","","","","","","","","","","","","","","","","","","","","","","","",
"Uruguay","URY","Internally displaced persons, total displaced by conflict and violence (number of people)","VC.IDP.TOCV","","","","","","","","","","","","","","","","","","","","","","","","","","","","","","","","","","","","","","","","","","","","","","","","","","","","","","","","","","","","","",
"Estados Unidos","USA","Internally displaced persons, total displaced by conflict and violence (number of people)","VC.IDP.TOCV","","","","","","","","","","","","","","","","","","","","","","","","","","","","","","","","","","","","","","","","","","","","","","","","","","","","","","","","","","","","","",
"Uzbekistán","UZB","Internally displaced persons, total displaced by conflict and violence (number of people)","VC.IDP.TOCV","","","","","","","","","","","","","","","","","","","","","","","","","","","","","","","","","","","","","","","","","","","","","","","","","","3400","3400","3400","3400","3400","3400","","","","","","",
"San Vicente y las Granadinas","VCT","Internally displaced persons, total displaced by conflict and violence (number of people)","VC.IDP.TOCV","","","","","","","","","","","","","","","","","","","","","","","","","","","","","","","","","","","","","","","","","","","","","","","","","","","","","","","","","","","","","",
"Venezuela","VEN","Internally displaced persons, total displaced by conflict and violence (number of people)","VC.IDP.TOCV","","","","","","","","","","","","","","","","","","","","","","","","","","","","","","","","","","","","","","","","","","","","","","","","","","","","","","","","","","","","","",
"Islas Vírgenes Británicas","VGB","Internally displaced persons, total displaced by conflict and violence (number of people)","VC.IDP.TOCV","","","","","","","","","","","","","","","","","","","","","","","","","","","","","","","","","","","","","","","","","","","","","","","","","","","","","","","","","","","","","",
"Islas Vírgenes (EE.UU.)","VIR","Internally displaced persons, total displaced by conflict and violence (number of people)","VC.IDP.TOCV","","","","","","","","","","","","","","","","","","","","","","","","","","","","","","","","","","","","","","","","","","","","","","","","","","","","","","","","","","","","","",
"Viet Nam","VNM","Internally displaced persons, total displaced by conflict and violence (number of people)","VC.IDP.TOCV","","","","","","","","","","","","","","","","","","","","","","","","","","","","","","","","","","","","","","","","","","","","","","","","","","","","","","","","","","","","","",
"Vanuatu","VUT","Internally displaced persons, total displaced by conflict and violence (number of people)","VC.IDP.TOCV","","","","","","","","","","","","","","","","","","","","","","","","","","","","","","","","","","","","","","","","","","","","","","","","","","","","","","","","","","","","","",
"Mundo","WLD","Internally displaced persons, total displaced by conflict and violence (number of people)","VC.IDP.TOCV","","","","","","","","","","","","","","","","","","","","","","","","","","","","","","","","","","","","","","","","","","","","","","","","","","","","","","","","","","","","","",
"Samoa","WSM","Internally displaced persons, total displaced by conflict and violence (number of people)","VC.IDP.TOCV","","","","","","","","","","","","","","","","","","","","","","","","","","","","","","","","","","","","","","","","","","","","","","","","","","","","","","","","","","","","","",
"Kosovo","XKX","Internally displaced persons, total displaced by conflict and violence (number of people)","VC.IDP.TOCV","","","","","","","","","","","","","","","","","","","","","","","","","","","","","","","","","","","","","","","","","","","","","","","","","","20000","18000","18000","18000","17000","17000","17000","17000","16000","16000","16000","16000",
"Yemen, Rep. del","YEM","Internally displaced persons, total displaced by conflict and violence (number of people)","VC.IDP.TOCV","","","","","","","","","","","","","","","","","","","","","","","","","","","","","","","","","","","","","","","","","","","","","","","","","","175000","226000","464000","385000","307000","334000","2509000","1974000","2014000","2324000","3635000","3635000",
"Sudáfrica","ZAF","Internally displaced persons, total displaced by conflict and violence (number of people)","VC.IDP.TOCV","","","","","","","","","","","","","","","","","","","","","","","","","","","","","","","","","","","","","","","","","","","","","","","","","","","","","","","","","","","","250","5000",
"Zambia","ZMB","Internally displaced persons, total displaced by conflict and violence (number of people)","VC.IDP.TOCV","","","","","","","","","","","","","","","","","","","","","","","","","","","","","","","","","","","","","","","","","","","","","","","","","","","","","","","","","","","","","",
"Zimbabwe","ZWE","Internally displaced persons, total displaced by conflict and violence (number of people)","VC.IDP.TOCV","","","","","","","","","","","","","","","","","","","","","","","","","","","","","","","","","","","","","","","","","","","","","","","","","","","","","","","","","","","","","",
